{
  "method": "company-level bootstrap over Luca non-Berkshire subset (Adobe, Amazon, Walmart)",
  "n_bootstrap": 1000,
  "seed": 20260430,
  "companies": [
    "adobe",
    "amazon",
    "walmart"
  ],
  "point_estimates": {
    "zero-shot": {
      "P": 0.4823529411764706,
      "R": 0.36607142857142855,
      "F1": 0.416243654822335,
      "TP": 82,
      "FP": 88,
      "FN": 142,
      "Relaxed F1": 0.4439086294416244,
      "Gold": 224,
      "Pred": 170
    },
    "memo_graph_only": {
      "P": 0.48520710059171596,
      "R": 0.36607142857142855,
      "F1": 0.41730279898218825,
      "TP": 82,
      "FP": 87,
      "FN": 142,
      "Relaxed F1": 0.4402035623409669,
      "Gold": 224,
      "Pred": 169
    },
    "analyst": {
      "P": 0.5165876777251185,
      "R": 0.48660714285714285,
      "F1": 0.5011494252873563,
      "TP": 109,
      "FP": 102,
      "FN": 115,
      "Relaxed F1": 0.5114942528735633,
      "Gold": 224,
      "Pred": 211
    }
  },
  "confidence_intervals": {
    "zero-shot": {
      "P": {
        "mean": 0.47653316421431274,
        "low": 0.34146341463414637,
        "high": 0.5394736842105263
      },
      "R": {
        "mean": 0.36449943816075564,
        "low": 0.34146341463414637,
        "high": 0.37962962962962965
      },
      "F1": {
        "mean": 0.4124488858516054,
        "low": 0.34146341463414637,
        "high": 0.4456521739130435
      },
      "Relaxed F1": {
        "mean": 0.4422354010805522,
        "low": 0.4073170731707317,
        "high": 0.453804347826087
      }
    },
    "memo_graph_only": {
      "P": {
        "mean": 0.4807618714417161,
        "low": 0.4090909090909091,
        "high": 0.5454545454545454
      },
      "R": {
        "mean": 0.36795296476655137,
        "low": 0.29333333333333333,
        "high": 0.43902439024390244
      },
      "F1": {
        "mean": 0.41570235160156765,
        "low": 0.35772357723577236,
        "high": 0.454054054054054
      },
      "Relaxed F1": {
        "mean": 0.4393110014158398,
        "low": 0.38211382113821135,
        "high": 0.47027027027027024
      }
    },
    "analyst": {
      "P": {
        "mean": 0.5095045810137644,
        "low": 0.43103448275862066,
        "high": 0.5865384615384616
      },
      "R": {
        "mean": 0.4880329686543861,
        "low": 0.30666666666666664,
        "high": 0.6097560975609756
      },
      "F1": {
        "mean": 0.4957833105774524,
        "low": 0.3709677419354838,
        "high": 0.5754716981132075
      },
      "Relaxed F1": {
        "mean": 0.506141417242563,
        "low": 0.3951612903225806,
        "high": 0.5825471698113208
      }
    }
  }
}
