{
  "method": "company-level bootstrap",
  "n_bootstrap": 1000,
  "seed": 20260430,
  "split": "test",
  "companies": [
    "adobe",
    "amazon",
    "berkshire",
    "walmart"
  ],
  "point_estimates": {
    "zero-shot": {
      "precision": 0.40375586854460094,
      "recall": 0.1589648798521257,
      "f1": 0.22811671087533156,
      "macro_f1": 0.307803202692353,
      "relaxed_f1": 0.25716180371352787
    },
    "memo_graph_only": {
      "precision": 0.35172413793103446,
      "recall": 0.18853974121996303,
      "f1": 0.2454873646209386,
      "macro_f1": 0.3316578109919436,
      "relaxed_f1": 0.26895306859205775
    },
    "analyst": {
      "precision": 0.24950884086444008,
      "recall": 0.23475046210720887,
      "f1": 0.24190476190476187,
      "macro_f1": 0.37750663261626255,
      "relaxed_f1": 0.2764761904761905
    }
  },
  "confidence_intervals": {
    "zero-shot": {
      "precision": {
        "mean": 0.39483276216058044,
        "low": 0.21428571428571427,
        "high": 0.5271317829457365
      },
      "recall": {
        "mean": 0.2007195606509979,
        "low": 0.038011695906432746,
        "high": 0.37534246575342467
      },
      "f1": {
        "mean": 0.25576842868967403,
        "low": 0.06456953642384106,
        "high": 0.43589743589743596
      },
      "macro_f1": {
        "mean": 0.30760397759072705,
        "low": 0.12213541666666666,
        "high": 0.43376358695652173
      },
      "relaxed_f1": {
        "mean": 0.28545371802915137,
        "low": 0.09519867549668874,
        "high": 0.45352564102564097
      }
    },
    "memo_graph_only": {
      "precision": {
        "mean": 0.366049863819238,
        "low": 0.19951338199513383,
        "high": 0.5236363636363637
      },
      "recall": {
        "mean": 0.22525876894381824,
        "low": 0.07992202729044834,
        "high": 0.40268456375838924
      },
      "f1": {
        "mean": 0.27556945151820755,
        "low": 0.11412665274878217,
        "high": 0.4444444444444444
      },
      "macro_f1": {
        "mean": 0.3313757541665405,
        "low": 0.17437550362610799,
        "high": 0.43879173290938
      },
      "relaxed_f1": {
        "mean": 0.2991985842668194,
        "low": 0.1381350034794711,
        "high": 0.46666666666666673
      }
    },
    "analyst": {
      "precision": {
        "mean": 0.3017058395192981,
        "low": 0.08298319327731092,
        "high": 0.5621621621621622
      },
      "recall": {
        "mean": 0.2862066605885854,
        "low": 0.07963709677419355,
        "high": 0.5771812080536913
      },
      "f1": {
        "mean": 0.29297088980757957,
        "low": 0.08127572016460904,
        "high": 0.5530546623794214
      },
      "macro_f1": {
        "mean": 0.37710470579494154,
        "low": 0.17016506528701653,
        "high": 0.5402611015818564
      },
      "relaxed_f1": {
        "mean": 0.3226085181699904,
        "low": 0.13034979423868312,
        "high": 0.5578778135048232
      }
    }
  }
}
