{
  "method": "company-level bootstrap",
  "n_bootstrap": 1000,
  "seed": 20260430,
  "split": "test",
  "companies": [
    "adobe",
    "amazon",
    "walmart"
  ],
  "point_estimates": {
    "zero-shot": {
      "precision": 0.4823529411764706,
      "recall": 0.36607142857142855,
      "f1": 0.416243654822335,
      "macro_f1": 0.4029968628490633,
      "relaxed_f1": 0.4439086294416244
    },
    "memo_graph_only": {
      "precision": 0.48520710059171596,
      "recall": 0.36607142857142855,
      "f1": 0.41730279898218825,
      "macro_f1": 0.41176901435151075,
      "relaxed_f1": 0.4402035623409669
    },
    "analyst": {
      "precision": 0.5165876777251185,
      "recall": 0.48660714285714285,
      "f1": 0.5011494252873563,
      "macro_f1": 0.4838299816997322,
      "relaxed_f1": 0.5114942528735633
    }
  },
  "confidence_intervals": {
    "zero-shot": {
      "precision": {
        "mean": 0.47653316421431274,
        "low": 0.34146341463414637,
        "high": 0.5394736842105263
      },
      "recall": {
        "mean": 0.36449943816075564,
        "low": 0.34146341463414637,
        "high": 0.37962962962962965
      },
      "f1": {
        "mean": 0.4124488858516054,
        "low": 0.34146341463414637,
        "high": 0.4456521739130435
      },
      "macro_f1": {
        "mean": 0.40289829113644404,
        "low": 0.34146341463414637,
        "high": 0.4456521739130435
      },
      "relaxed_f1": {
        "mean": 0.4422354010805522,
        "low": 0.4073170731707317,
        "high": 0.453804347826087
      }
    },
    "memo_graph_only": {
      "precision": {
        "mean": 0.4807618714417161,
        "low": 0.4090909090909091,
        "high": 0.5454545454545454
      },
      "recall": {
        "mean": 0.36795296476655137,
        "low": 0.29333333333333333,
        "high": 0.43902439024390244
      },
      "f1": {
        "mean": 0.41570235160156765,
        "low": 0.35772357723577236,
        "high": 0.454054054054054
      },
      "macro_f1": {
        "mean": 0.4125444147160073,
        "low": 0.35772357723577236,
        "high": 0.454054054054054
      },
      "relaxed_f1": {
        "mean": 0.4393110014158398,
        "low": 0.38211382113821135,
        "high": 0.47027027027027024
      }
    },
    "analyst": {
      "precision": {
        "mean": 0.5095045810137644,
        "low": 0.43103448275862066,
        "high": 0.5865384615384616
      },
      "recall": {
        "mean": 0.4880329686543861,
        "low": 0.30666666666666664,
        "high": 0.6097560975609756
      },
      "f1": {
        "mean": 0.4957833105774524,
        "low": 0.3709677419354838,
        "high": 0.5754716981132075
      },
      "macro_f1": {
        "mean": 0.4854592537261435,
        "low": 0.3709677419354838,
        "high": 0.5754716981132075
      },
      "relaxed_f1": {
        "mean": 0.506141417242563,
        "low": 0.3951612903225806,
        "high": 0.5825471698113208
      }
    }
  }
}
